<?xml version="1.0" encoding="UTF-8" standalone="yes"?>
<c:chartSpace xmlns:c="http://schemas.openxmlformats.org/drawingml/2006/chart" xmlns:a="http://schemas.openxmlformats.org/drawingml/2006/main" xmlns:r="http://schemas.openxmlformats.org/officeDocument/2006/relationships" xmlns:c16r2="http://schemas.microsoft.com/office/drawing/2015/06/chart"><c:date1904 val="1"/><c:lang val="en-US"/><c:roundedCorners val="1"/><c:style val="2"/><c:chart><c:autoTitleDeleted val="1"/><c:plotArea><c:layout/><c:pieChart><c:varyColors val="1"/><c:ser><c:idx val="0"/><c:order val="0"/><c:dPt><c:idx val="0"/><c:bubble3D val="0"/><c:spPr><a:solidFill><a:schemeClr val="accent1"/></a:solidFill></c:spPr></c:dPt><c:dPt><c:idx val="1"/><c:bubble3D val="0"/><c:spPr><a:solidFill><a:schemeClr val="accent2"/></a:solidFill></c:spPr></c:dPt><c:dPt><c:idx val="2"/><c:bubble3D val="0"/><c:spPr><a:solidFill><a:schemeClr val="accent3"/></a:solidFill></c:spPr></c:dPt><c:dPt><c:idx val="3"/><c:bubble3D val="0"/><c:spPr><a:solidFill><a:schemeClr val="accent4"/></a:solidFill></c:spPr></c:dPt><c:dPt><c:idx val="4"/><c:bubble3D val="0"/><c:spPr><a:solidFill><a:schemeClr val="accent5"/></a:solidFill></c:spPr></c:dPt><c:dPt><c:idx val="5"/><c:bubble3D val="0"/><c:spPr><a:solidFill><a:schemeClr val="accent6"/></a:solidFill></c:spPr></c:dPt><c:dPt><c:idx val="6"/><c:bubble3D val="0"/><c:spPr><a:solidFill><a:schemeClr val="accent1"/></a:solidFill></c:spPr></c:dPt><c:dPt><c:idx val="7"/><c:bubble3D val="0"/><c:spPr><a:solidFill><a:schemeClr val="accent1"/></a:solidFill></c:spPr></c:dPt><c:dPt><c:idx val="8"/><c:bubble3D val="0"/><c:spPr><a:solidFill><a:schemeClr val="accent1"/></a:solidFill></c:spPr></c:dPt><c:dPt><c:idx val="9"/><c:bubble3D val="0"/><c:spPr><a:solidFill><a:schemeClr val="accent1"/></a:solidFill></c:spPr></c:dPt><c:cat><c:strLit><c:ptCount val="10"/><c:pt idx="0"><c:v>United States</c:v></c:pt><c:pt idx="1"><c:v>Canada</c:v></c:pt><c:pt idx="2"><c:v>Brazil</c:v></c:pt><c:pt idx="3"><c:v>Japan</c:v></c:pt><c:pt idx="4"><c:v>Austria</c:v></c:pt><c:pt idx="5"><c:v>United Kingdom</c:v></c:pt><c:pt idx="6"><c:v>China</c:v></c:pt><c:pt idx="7"><c:v>France</c:v></c:pt><c:pt idx="8"><c:v>Australia</c:v></c:pt><c:pt idx="9"><c:v>Germany</c:v></c:pt></c:strLit></c:cat><c:val><c:numLit><c:formatCode>General</c:formatCode><c:ptCount val="10"/><c:pt idx="0"><c:v>69765</c:v></c:pt><c:pt idx="1"><c:v>38253</c:v></c:pt><c:pt idx="2"><c:v>17237</c:v></c:pt><c:pt idx="3"><c:v>11506</c:v></c:pt><c:pt idx="4"><c:v>10632</c:v></c:pt><c:pt idx="5"><c:v>10416</c:v></c:pt><c:pt idx="6"><c:v>8312</c:v></c:pt><c:pt idx="7"><c:v>7318</c:v></c:pt><c:pt idx="8"><c:v>6873</c:v></c:pt><c:pt idx="9"><c:v>5512</c:v></c:pt></c:numLit></c:val></c:ser><c:dLbls><c:showLegendKey val="0"/><c:showVal val="0"/><c:showCatName val="0"/><c:showSerName val="0"/><c:showPercent val="0"/><c:showBubbleSize val="0"/><c:showLeaderLines val="1"/></c:dLbls><c:firstSliceAng val="0"/></c:pieChart></c:plotArea><c:legend><c:legendPos val="b"/><c:overlay val="0"/><c:spPr><a:noFill/></c:spPr></c:legend><c:plotVisOnly val="1"/><c:dispBlanksAs val="zero"/><c:showDLblsOverMax val="1"/></c:chart></c:chartSpace>