<?xml version="1.0" encoding="UTF-8" standalone="yes"?>
<a:graphic xmlns:a="http://schemas.openxmlformats.org/drawingml/2006/main"><a:graphicData uri="http://schemas.openxmlformats.org/drawingml/2006/lockedCanvas"><lc:lockedCanvas xmlns:lc="http://schemas.openxmlformats.org/drawingml/2006/lockedCanvas"><a:nvGrpSpPr><a:cNvPr id="0" name=""/><a:cNvGrpSpPr/></a:nvGrpSpPr><a:grpSpPr><a:xfrm><a:off x="0" y="0"/><a:ext cx="5181600" cy="4351338"/><a:chOff x="838200" y="1825625"/><a:chExt cx="5181600" cy="4351338"/></a:xfrm></a:grpSpPr><a:graphicFrame><a:nvGraphicFramePr><a:cNvPr id="2" name="Content Placeholder 6"><a:extLst><a:ext uri="{FF2B5EF4-FFF2-40B4-BE49-F238E27FC236}"><a16:creationId xmlns:a16="http://schemas.microsoft.com/office/drawing/2014/main" id="{A619052A-E5F4-9A46-FBFE-C66207BF8B96}"/></a:ext></a:extLst></a:cNvPr><a:cNvGraphicFramePr><a:graphicFrameLocks noGrp="1"/></a:cNvGraphicFramePr></a:nvGraphicFramePr><a:graphic><a:graphicData uri="http://schemas.openxmlformats.org/drawingml/2006/chart"><c:chart xmlns:c="http://schemas.openxmlformats.org/drawingml/2006/chart" xmlns:r="http://schemas.openxmlformats.org/officeDocument/2006/relationships" r:id="rId1"/></a:graphicData></a:graphic><a:xfrm><a:off x="838200" y="1825625"/><a:ext cx="5181600" cy="4351338"/></a:xfrm></a:graphicFrame></lc:lockedCanvas></a:graphicData></a:graphic>